equity,commodity_series,tenor_months_actual,window_days,data_window_start,data_window_end,n_observations,coint_p,coint_passed,coint_p_bh_adjusted,spread_adf_p,granger_maxlag_used,granger_p_lag5,granger_p_lag20,granger_p_lag60,granger_p_lag90,granger_p_lag130,granger_best_lag,granger_best_p,granger_passed,beta,r_squared
ROK,HG=F front-month (original baseline),1.0,15,2017-01-03,2020-02-28,793,0.3195753684322974,False,0.4810307668224177,,10,0.45246802449957635,,,,,1,0.054596322364963604,False,0.5214371390585337,0.1278190042997014
TEL,HG=F front-month (original baseline),1.0,15,2017-01-03,2020-02-28,793,0.4422964647593598,False,0.5984010993803104,,10,0.6087714427341362,,,,,1,0.0937085871616827,False,0.3416124997659398,0.08768265784290774
ROK,HGN26.CMX level,33.11,30,2021-04-29,2026-04-28,1255,0.1178405626343415,False,0.34130431344154966,,130,0.0811028670647853,0.2512312908909857,0.47062304861680593,0.9294766960393614,0.9265917518183843,4,0.05549280398649972,False,0.3250582919589941,0.045823244687057896
ROK,HGN26.CMX spread,33.11,30,2021-04-29,2026-04-28,1255,0.81846353836831,False,0.9301946443484135,0.0621,130,0.36937113345986833,0.6062236388715281,0.464136068682308,0.6593554499022143,0.902497653794311,3,0.17486183808999992,False,-0.0002447481991351147,0.0002752223687843003
ROK,HG=F front-month (matched HGN26.CMX window),1.0,30,2021-04-29,2026-04-28,1255,0.0909744664833601,False,0.34130431344154966,,130,0.05978675994076459,0.16630405891389818,0.32453654195134135,0.7937780822033695,0.7151734540244694,23,0.029188313477867767,True,0.24952076579793858,0.033779338983329854
ROK,HGN26.CMX level,33.11,60,2021-04-29,2026-04-28,1255,0.1178405626343415,False,0.34130431344154966,,130,0.0811028670647853,0.2512312908909857,0.47062304861680593,0.9294766960393614,0.9265917518183843,4,0.05549280398649972,False,0.25965747412732954,0.029008969349224256
ROK,HGN26.CMX spread,33.11,60,2021-04-29,2026-04-28,1255,0.81846353836831,False,0.9301946443484135,0.0621,130,0.36937113345986833,0.6062236388715281,0.464136068682308,0.6593554499022143,0.902497653794311,3,0.17486183808999992,False,0.00010168582452708251,5.7513825188815204e-05
ROK,HG=F front-month (matched HGN26.CMX window),1.0,60,2021-04-29,2026-04-28,1255,0.0909744664833601,False,0.34130431344154966,,130,0.05978675994076459,0.16630405891389818,0.32453654195134135,0.7937780822033695,0.7151734540244694,23,0.029188313477867767,True,0.2414260435186018,0.03257326601015298
ROK,HGN26.CMX level,33.11,90,2021-04-29,2026-04-28,1255,0.1178405626343415,False,0.34130431344154966,,130,0.0811028670647853,0.2512312908909857,0.47062304861680593,0.9294766960393614,0.9265917518183843,4,0.05549280398649972,False,0.19650426365012924,0.017399387566435
ROK,HGN26.CMX spread,33.11,90,2021-04-29,2026-04-28,1255,0.81846353836831,False,0.9301946443484135,0.0621,130,0.36937113345986833,0.6062236388715281,0.464136068682308,0.6593554499022143,0.902497653794311,3,0.17486183808999992,False,-1.9598177958101012e-05,2.504239701939248e-06
ROK,HG=F front-month (matched HGN26.CMX window),1.0,90,2021-04-29,2026-04-28,1255,0.0909744664833601,False,0.34130431344154966,,130,0.05978675994076459,0.16630405891389818,0.32453654195134135,0.7937780822033695,0.7151734540244694,23,0.029188313477867767,True,0.22581683407020217,0.03038868681681961
TEL,HGN26.CMX level,33.11,30,2021-04-29,2026-04-28,1255,0.10261335621793649,False,0.34130431344154966,,130,0.257482647399762,0.017312403909276568,0.12959626277258185,0.1601496363844834,0.03363124998082437,19,0.013268670747029868,True,0.26240136021811766,0.04723367755814678
TEL,HGN26.CMX spread,33.11,30,2021-04-29,2026-04-28,1255,0.9688491350965497,False,0.978984315683333,0.0621,130,0.29913539604044276,0.8035675988727676,0.9476949803514141,0.9842934013981895,0.980337117775068,3,0.13289532281795155,False,-0.00022288849381282497,0.0003609975303938695
TEL,HG=F front-month (matched HGN26.CMX window),1.0,30,2021-04-29,2026-04-28,1255,0.12654066990278068,False,0.34130431344154966,,130,0.15490565615238164,0.012556372137832953,0.06630755579368522,0.13067513790575275,0.05151377270050609,22,0.007200964585771683,True,0.2123976118326059,0.03871624887073222
TEL,HGN26.CMX level,33.11,60,2021-04-29,2026-04-28,1255,0.10261335621793649,False,0.34130431344154966,,130,0.257482647399762,0.017312403909276568,0.12959626277258185,0.1601496363844834,0.03363124998082437,19,0.013268670747029868,True,0.12743320544154013,0.01059480506463506
TEL,HGN26.CMX spread,33.11,60,2021-04-29,2026-04-28,1255,0.9688491350965497,False,0.978984315683333,0.0621,130,0.29913539604044276,0.8035675988727676,0.9476949803514141,0.9842934013981895,0.980337117775068,3,0.13289532281795155,False,0.0002775364723757954,0.0006497199654924568
TEL,HG=F front-month (matched HGN26.CMX window),1.0,60,2021-04-29,2026-04-28,1255,0.12654066990278068,False,0.34130431344154966,,130,0.15490565615238164,0.012556372137832953,0.06630755579368522,0.13067513790575275,0.05151377270050609,22,0.007200964585771683,True,0.134781208422152,0.015393907613295954
TEL,HGN26.CMX level,33.11,90,2021-04-29,2026-04-28,1255,0.10261335621793649,False,0.34130431344154966,,130,0.257482647399762,0.017312403909276568,0.12959626277258185,0.1601496363844834,0.03363124998082437,19,0.013268670747029868,True,0.12335177297407565,0.007751323483961237
TEL,HGN26.CMX spread,33.11,90,2021-04-29,2026-04-28,1255,0.9688491350965497,False,0.978984315683333,0.0621,130,0.29913539604044276,0.8035675988727676,0.9476949803514141,0.9842934013981895,0.980337117775068,3,0.13289532281795155,False,0.00017779203428597377,0.00023295945510870553
TEL,HG=F front-month (matched HGN26.CMX window),1.0,90,2021-04-29,2026-04-28,1255,0.12654066990278068,False,0.34130431344154966,,130,0.15490565615238164,0.012556372137832953,0.06630755579368522,0.13067513790575275,0.05151377270050609,22,0.007200964585771683,True,0.15554062638859423,0.016299791721115398
ROK,HGU26.CMX level,34.11,30,2021-06-29,2026-04-28,1213,0.14214370682814187,False,0.34130431344154966,,130,0.05328332148382237,0.1974103148184334,0.5005140349027816,0.8918278161423094,0.9628751394067054,4,0.035014433215678056,True,0.35777756369198516,0.053932772091735415
ROK,HGU26.CMX spread,34.11,30,2021-06-29,2026-04-28,1213,0.7860098598565043,False,0.9301946443484135,0.069,130,0.839658842166539,0.9678521008823994,0.5069516678884505,0.525217687401455,0.5646224403079636,71,0.31643479542467573,False,-0.00010148223978318998,7.787625423272271e-05
ROK,HG=F front-month (matched HGU26.CMX window),1.0,30,2021-06-29,2026-04-28,1213,0.11374648512781521,False,0.34130431344154966,,130,0.03930904886854,0.13456152357238116,0.3335796987397209,0.6866711640040349,0.8105995774475673,23,0.025397320306895857,True,0.2713449596465019,0.039529129625346826
ROK,HGU26.CMX level,34.11,60,2021-06-29,2026-04-28,1213,0.14214370682814187,False,0.34130431344154966,,130,0.05328332148382237,0.1974103148184334,0.5005140349027816,0.8918278161423094,0.9628751394067054,4,0.035014433215678056,True,0.2947040832800995,0.03795742364286003
ROK,HGU26.CMX spread,34.11,60,2021-06-29,2026-04-28,1213,0.7860098598565043,False,0.9301946443484135,0.069,130,0.839658842166539,0.9678521008823994,0.5069516678884505,0.525217687401455,0.5646224403079636,71,0.31643479542467573,False,-0.00012855962077293697,0.00012912477709348114
ROK,HG=F front-month (matched HGU26.CMX window),1.0,60,2021-06-29,2026-04-28,1213,0.11374648512781521,False,0.34130431344154966,,130,0.03930904886854,0.13456152357238116,0.3335796987397209,0.6866711640040349,0.8105995774475673,23,0.025397320306895857,True,0.2771390004191323,0.043670666021925264
ROK,HGU26.CMX level,34.11,90,2021-06-29,2026-04-28,1213,0.14214370682814187,False,0.34130431344154966,,130,0.05328332148382237,0.1974103148184334,0.5005140349027816,0.8918278161423094,0.9628751394067054,4,0.035014433215678056,True,0.22628178927668421,0.02298835209313621
ROK,HGU26.CMX spread,34.11,90,2021-06-29,2026-04-28,1213,0.7860098598565043,False,0.9301946443484135,0.069,130,0.839658842166539,0.9678521008823994,0.5069516678884505,0.525217687401455,0.5646224403079636,71,0.31643479542467573,False,-0.00012464416551724318,0.00013119095015123872
ROK,HG=F front-month (matched HGU26.CMX window),1.0,90,2021-06-29,2026-04-28,1213,0.11374648512781521,False,0.34130431344154966,,130,0.03930904886854,0.13456152357238116,0.3335796987397209,0.6866711640040349,0.8105995774475673,23,0.025397320306895857,True,0.24771524049548732,0.03655779065086728
TEL,HGU26.CMX level,34.11,30,2021-06-29,2026-04-28,1213,0.11710997817617497,False,0.34130431344154966,,130,0.24962044046090762,0.024729465050645213,0.10240561079206131,0.07856052803897469,0.026950149925305162,18,0.015436443195404078,True,0.2615040220804308,0.04548848655336213
TEL,HGU26.CMX spread,34.11,30,2021-06-29,2026-04-28,1213,0.9483698932762646,False,0.978984315683333,0.069,130,0.6653057078340687,0.5781095949459407,0.9444189027430029,0.9851672528212687,0.9990530643405403,12,0.28650924194433974,False,4.156870192613817e-05,2.061918950913011e-05
TEL,HG=F front-month (matched HGU26.CMX window),1.0,30,2021-06-29,2026-04-28,1213,0.14952191986097757,False,0.34130431344154966,,130,0.1501538166021432,0.020334621598202134,0.057213692786423555,0.07212020064596657,0.049611865701396626,19,0.013186369699231086,True,0.2114581241199995,0.037900128993324844
TEL,HGU26.CMX level,34.11,60,2021-06-29,2026-04-28,1213,0.11710997817617497,False,0.34130431344154966,,130,0.24962044046090762,0.024729465050645213,0.10240561079206131,0.07856052803897469,0.026950149925305162,18,0.015436443195404078,True,0.14187098278498733,0.013060374989097179
TEL,HGU26.CMX spread,34.11,60,2021-06-29,2026-04-28,1213,0.9483698932762646,False,0.978984315683333,0.069,130,0.6653057078340687,0.5781095949459407,0.9444189027430029,0.9851672528212687,0.9990530643405403,12,0.28650924194433974,False,0.00011731307479412638,0.00015973760691390115
TEL,HG=F front-month (matched HGU26.CMX window),1.0,60,2021-06-29,2026-04-28,1213,0.14952191986097757,False,0.34130431344154966,,130,0.1501538166021432,0.020334621598202134,0.057213692786423555,0.07212020064596657,0.049611865701396626,19,0.013186369699231086,True,0.1531708457460194,0.01980572822022464
TEL,HGU26.CMX level,34.11,90,2021-06-29,2026-04-28,1213,0.11710997817617497,False,0.34130431344154966,,130,0.24962044046090762,0.024729465050645213,0.10240561079206131,0.07856052803897469,0.026950149925305162,18,0.015436443195404078,True,0.12840883011324525,0.008238698066670103
TEL,HGU26.CMX spread,34.11,90,2021-06-29,2026-04-28,1213,0.9483698932762646,False,0.978984315683333,0.069,130,0.6653057078340687,0.5781095949459407,0.9444189027430029,0.9851672528212687,0.9990530643405403,12,0.28650924194433974,False,0.00010334376953222333,0.00010035681494957593
TEL,HG=F front-month (matched HGU26.CMX window),1.0,90,2021-06-29,2026-04-28,1213,0.14952191986097757,False,0.34130431344154966,,130,0.1501538166021432,0.020334621598202134,0.057213692786423555,0.07212020064596657,0.049611865701396626,19,0.013186369699231086,True,0.16083930392491375,0.017152168474134255
ROK,HGZ25.CMX level,31.57,30,2020-09-29,2025-12-29,1319,0.24015244840009364,False,0.4332161814276199,,130,0.32757622250733315,0.39035548047724133,0.6702409166893868,0.8840916928534556,0.7100618248998027,23,0.2125053594978331,False,0.2240159449740587,0.02543423258273514
ROK,HGZ25.CMX spread,31.57,30,2020-09-29,2025-12-29,1319,0.7458123277867006,False,0.9272261372483305,0.0857,130,0.8534270238983286,0.029673733406527885,0.014162277319626134,0.1311073698692558,0.5710062025714704,42,0.001397119314808386,True,0.0001097926328845105,0.00015994291854215525
ROK,HG=F front-month (matched HGZ25.CMX window),1.0,30,2020-09-29,2025-12-29,1319,0.29556916861293403,False,0.47705900898929704,,130,0.26603936423425717,0.2851246217525844,0.40684249972361197,0.6341640586110784,0.42750395601284125,23,0.10699724571999016,False,0.18480304064563446,0.02098697805966354
ROK,HGZ25.CMX level,31.57,60,2020-09-29,2025-12-29,1319,0.24015244840009364,False,0.4332161814276199,,130,0.32757622250733315,0.39035548047724133,0.6702409166893868,0.8840916928534556,0.7100618248998027,23,0.2125053594978331,False,0.19209108238113928,0.018915602160363365
ROK,HGZ25.CMX spread,31.57,60,2020-09-29,2025-12-29,1319,0.7458123277867006,False,0.9272261372483305,0.0857,130,0.8534270238983286,0.029673733406527885,0.014162277319626134,0.1311073698692558,0.5710062025714704,42,0.001397119314808386,True,-0.00046058199629983435,0.0015730788352440461
ROK,HG=F front-month (matched HGZ25.CMX window),1.0,60,2020-09-29,2025-12-29,1319,0.29556916861293403,False,0.47705900898929704,,130,0.26603936423425717,0.2851246217525844,0.40684249972361197,0.6341640586110784,0.42750395601284125,23,0.10699724571999016,False,0.19414025677529187,0.02487511858802982
ROK,HGZ25.CMX level,31.57,90,2020-09-29,2025-12-29,1319,0.24015244840009364,False,0.4332161814276199,,130,0.32757622250733315,0.39035548047724133,0.6702409166893868,0.8840916928534556,0.7100618248998027,23,0.2125053594978331,False,0.11627265199505867,0.007160577443190763
ROK,HGZ25.CMX spread,31.57,90,2020-09-29,2025-12-29,1319,0.7458123277867006,False,0.9272261372483305,0.0857,130,0.8534270238983286,0.029673733406527885,0.014162277319626134,0.1311073698692558,0.5710062025714704,42,0.001397119314808386,True,-0.00045687733508718853,0.002059298992614478
ROK,HG=F front-month (matched HGZ25.CMX window),1.0,90,2020-09-29,2025-12-29,1319,0.29556916861293403,False,0.47705900898929704,,130,0.26603936423425717,0.2851246217525844,0.40684249972361197,0.6341640586110784,0.42750395601284125,23,0.10699724571999016,False,0.16020760031053974,0.018148247371277515
TEL,HGZ25.CMX level,31.57,30,2020-09-29,2025-12-29,1319,0.31890901919192327,False,0.4810307668224177,,130,0.15087968899299742,0.06412409537075198,0.4281508372639396,0.2622402884451254,0.1407518272114318,20,0.06412409537075198,False,0.26969275832704337,0.05666276563806616
TEL,HGZ25.CMX spread,31.57,30,2020-09-29,2025-12-29,1319,0.978984315683333,False,0.978984315683333,0.0857,130,0.20935644535060205,0.03972811860292674,0.41891646461341603,0.5482643028466307,0.7475039781684814,18,0.025165058360654385,True,0.00010703321927573693,0.00023317781336273935
TEL,HG=F front-month (matched HGZ25.CMX window),1.0,30,2020-09-29,2025-12-29,1319,0.33463009865907317,False,0.4810307668224177,,130,0.10080692353035381,0.058491734285807825,0.20614651524878516,0.14547603445947038,0.13613772048166628,23,0.052643986891955895,False,0.24114478759291028,0.05492699804036738
TEL,HGZ25.CMX level,31.57,60,2020-09-29,2025-12-29,1319,0.31890901919192327,False,0.4810307668224177,,130,0.15087968899299742,0.06412409537075198,0.4281508372639396,0.2622402884451254,0.1407518272114318,20,0.06412409537075198,False,0.21572517291433838,0.03417226651121352
TEL,HGZ25.CMX spread,31.57,60,2020-09-29,2025-12-29,1319,0.978984315683333,False,0.978984315683333,0.0857,130,0.20935644535060205,0.03972811860292674,0.41891646461341603,0.5482643028466307,0.7475039781684814,18,0.025165058360654385,True,-0.0002083249210284431,0.0004617227700347559
TEL,HG=F front-month (matched HGZ25.CMX window),1.0,60,2020-09-29,2025-12-29,1319,0.33463009865907317,False,0.4810307668224177,,130,0.10080692353035381,0.058491734285807825,0.20614651524878516,0.14547603445947038,0.13613772048166628,23,0.052643986891955895,False,0.23104823858764795,0.05046678675232619
TEL,HGZ25.CMX level,31.57,90,2020-09-29,2025-12-29,1319,0.31890901919192327,False,0.4810307668224177,,130,0.15087968899299742,0.06412409537075198,0.4281508372639396,0.2622402884451254,0.1407518272114318,20,0.06412409537075198,False,0.24070246734261289,0.033705551120120636
TEL,HGZ25.CMX spread,31.57,90,2020-09-29,2025-12-29,1319,0.978984315683333,False,0.978984315683333,0.0857,130,0.20935644535060205,0.03972811860292674,0.41891646461341603,0.5482643028466307,0.7475039781684814,18,0.025165058360654385,True,-0.0002633313636091547,0.0007488177295444931
TEL,HG=F front-month (matched HGZ25.CMX window),1.0,90,2020-09-29,2025-12-29,1319,0.33463009865907317,False,0.4810307668224177,,130,0.10080692353035381,0.058491734285807825,0.20614651524878516,0.14547603445947038,0.13613772048166628,23,0.052643986891955895,False,0.275387078843581,0.05889833759786334
ROK,HGZ26.CMX level,35.61,30,2021-09-29,2026-04-28,1149,0.1643841502603608,False,0.34130431344154966,,130,0.06962277527652544,0.23395167148325957,0.5384626153032863,0.8804894760193112,0.9626376455169422,4,0.04369827204675034,True,0.36440444993338933,0.05573374800563935
ROK,HGZ26.CMX spread,35.61,30,2021-09-29,2026-04-28,1149,0.6637369278151152,False,0.860053483929445,0.0426,130,0.6822954646897055,0.7551307362130893,0.246163288854553,0.26362183015839413,0.7015612277340746,46,0.10237308261405573,False,0.00022062151351517754,0.00011578558453362309
ROK,HG=F front-month (matched HGZ26.CMX window),1.0,30,2021-09-29,2026-04-28,1149,0.1486219585041022,False,0.34130431344154966,,130,0.04473697269961644,0.1743896206207783,0.36609213227585696,0.6978509535156688,0.8057324110036885,24,0.028828938781730495,True,0.2780451448700818,0.04186402630164965
ROK,HGZ26.CMX level,35.61,60,2021-09-29,2026-04-28,1149,0.1643841502603608,False,0.34130431344154966,,130,0.06962277527652544,0.23395167148325957,0.5384626153032863,0.8804894760193112,0.9626376455169422,4,0.04369827204675034,True,0.30410611367452756,0.040293867276042894
ROK,HGZ26.CMX spread,35.61,60,2021-09-29,2026-04-28,1149,0.6637369278151152,False,0.860053483929445,0.0426,130,0.6822954646897055,0.7551307362130893,0.246163288854553,0.26362183015839413,0.7015612277340746,46,0.10237308261405573,False,0.0008194196270137924,0.0018514590740003056
ROK,HG=F front-month (matched HGZ26.CMX window),1.0,60,2021-09-29,2026-04-28,1149,0.1486219585041022,False,0.34130431344154966,,130,0.04473697269961644,0.1743896206207783,0.36609213227585696,0.6978509535156688,0.8057324110036885,24,0.028828938781730495,True,0.2795477367503711,0.04465472113795088
ROK,HGZ26.CMX level,35.61,90,2021-09-29,2026-04-28,1149,0.1643841502603608,False,0.34130431344154966,,130,0.06962277527652544,0.23395167148325957,0.5384626153032863,0.8804894760193112,0.9626376455169422,4,0.04369827204675034,True,0.23910266316937906,0.026053287228288813
ROK,HGZ26.CMX spread,35.61,90,2021-09-29,2026-04-28,1149,0.6637369278151152,False,0.860053483929445,0.0426,130,0.6822954646897055,0.7551307362130893,0.246163288854553,0.26362183015839413,0.7015612277340746,46,0.10237308261405573,False,8.992036624202997e-05,2.2392991887221214e-05
ROK,HG=F front-month (matched HGZ26.CMX window),1.0,90,2021-09-29,2026-04-28,1149,0.1486219585041022,False,0.34130431344154966,,130,0.04473697269961644,0.1743896206207783,0.36609213227585696,0.6978509535156688,0.8057324110036885,24,0.028828938781730495,True,0.25538055155592015,0.039436732861421575
TEL,HGZ26.CMX level,35.61,30,2021-09-29,2026-04-28,1149,0.16057497379579694,False,0.34130431344154966,,130,0.317708520926207,0.00931159720314225,0.09811793752667838,0.12600086084440512,0.07119840185736792,18,0.005831882248094789,True,0.2523499704615635,0.04276855401352786
TEL,HGZ26.CMX spread,35.61,30,2021-09-29,2026-04-28,1149,0.8391973421838947,False,0.9301946443484135,0.0426,130,0.4005269841272976,0.6848983184769093,0.9602198330699951,0.9950711298850314,0.9985679127218728,1,0.18829924585753377,False,-0.00011158519160703372,4.713146370904919e-05
TEL,HG=F front-month (matched HGZ26.CMX window),1.0,30,2021-09-29,2026-04-28,1149,0.18383430570836123,False,0.3523490859410257,,130,0.16867604003044118,0.010480742020959475,0.05510089515609319,0.11758942550744776,0.11596368753457019,19,0.006557933154912559,True,0.21479483503582472,0.03997837849529129
TEL,HGZ26.CMX level,35.61,60,2021-09-29,2026-04-28,1149,0.16057497379579694,False,0.34130431344154966,,130,0.317708520926207,0.00931159720314225,0.09811793752667838,0.12600086084440512,0.07119840185736792,18,0.005831882248094789,True,0.13940162023314298,0.012587374296129217
TEL,HGZ26.CMX spread,35.61,60,2021-09-29,2026-04-28,1149,0.8391973421838947,False,0.9301946443484135,0.0426,130,0.4005269841272976,0.6848983184769093,0.9602198330699951,0.9950711298850314,0.9985679127218728,1,0.18829924585753377,False,0.0006020886361953702,0.0014824015479999453
TEL,HG=F front-month (matched HGZ26.CMX window),1.0,60,2021-09-29,2026-04-28,1149,0.18383430570836123,False,0.3523490859410257,,130,0.16867604003044118,0.010480742020959475,0.05510089515609319,0.11758942550744776,0.11596368753457019,19,0.006557933154912559,True,0.15333093991493688,0.019972198356965065
TEL,HGZ26.CMX level,35.61,90,2021-09-29,2026-04-28,1149,0.16057497379579694,False,0.34130431344154966,,130,0.317708520926207,0.00931159720314225,0.09811793752667838,0.12600086084440512,0.07119840185736792,18,0.005831882248094789,True,0.128821602016898,0.008380677059770525
TEL,HGZ26.CMX spread,35.61,90,2021-09-29,2026-04-28,1149,0.8391973421838947,False,0.9301946443484135,0.0426,130,0.4005269841272976,0.6848983184769093,0.9602198330699951,0.9950711298850314,0.9985679127218728,1,0.18829924585753377,False,0.00013762551668929416,5.8126085815679573e-05
TEL,HG=F front-month (matched HGZ26.CMX window),1.0,90,2021-09-29,2026-04-28,1149,0.18383430570836123,False,0.3523490859410257,,130,0.16867604003044118,0.010480742020959475,0.05510089515609319,0.11758942550744776,0.11596368753457019,19,0.006557933154912559,True,0.1650806277539443,0.01826104070998913
ROK,HGZ27.CMX level,41.6,30,2022-09-29,2026-04-27,896,0.1171450377725396,False,0.34130431344154966,,130,0.0901249407575517,0.13998033044325242,0.6299296046017275,0.9269743235119494,0.9547766884664317,13,0.05725688466747459,False,0.29723639883350605,0.042657874299471654
ROK,HGZ27.CMX spread,41.6,30,2022-09-29,2026-04-27,896,0.13553563022708537,False,0.34130431344154966,0.5186,130,0.8257511392190198,0.9652227285767334,0.18284563816396213,0.26426904259650735,0.6047538151498735,64,0.1277086433061865,False,3.4442768229043287e-05,4.69775551303897e-06
ROK,HG=F front-month (matched HGZ27.CMX window),1.0,30,2022-09-29,2026-04-27,896,0.1057342024824594,False,0.34130431344154966,,130,0.05488835808406065,0.14701790342053475,0.727432800471223,0.8238562553377736,0.892236278939291,4,0.041166757672581364,True,0.2402440963780999,0.03788993449569178
ROK,HGZ27.CMX level,41.6,60,2022-09-29,2026-04-27,896,0.1171450377725396,False,0.34130431344154966,,130,0.0901249407575517,0.13998033044325242,0.6299296046017275,0.9269743235119494,0.9547766884664317,13,0.05725688466747459,False,0.2853505918125489,0.04108676450232718
ROK,HGZ27.CMX spread,41.6,60,2022-09-29,2026-04-27,896,0.13553563022708537,False,0.34130431344154966,0.5186,130,0.8257511392190198,0.9652227285767334,0.18284563816396213,0.26426904259650735,0.6047538151498735,64,0.1277086433061865,False,0.00021137740844194374,0.00021870190238348908
ROK,HG=F front-month (matched HGZ27.CMX window),1.0,60,2022-09-29,2026-04-27,896,0.1057342024824594,False,0.34130431344154966,,130,0.05488835808406065,0.14701790342053475,0.727432800471223,0.8238562553377736,0.892236278939291,4,0.041166757672581364,True,0.25136812410266635,0.0420661608728613
ROK,HGZ27.CMX level,41.6,90,2022-09-29,2026-04-27,896,0.1171450377725396,False,0.34130431344154966,,130,0.0901249407575517,0.13998033044325242,0.6299296046017275,0.9269743235119494,0.9547766884664317,13,0.05725688466747459,False,0.03697678403049788,0.0007004761061780718
ROK,HGZ27.CMX spread,41.6,90,2022-09-29,2026-04-27,896,0.13553563022708537,False,0.34130431344154966,0.5186,130,0.8257511392190198,0.9652227285767334,0.18284563816396213,0.26426904259650735,0.6047538151498735,64,0.1277086433061865,False,-0.00010673680641609395,4.768049992565082e-05
ROK,HG=F front-month (matched HGZ27.CMX window),1.0,90,2022-09-29,2026-04-27,896,0.1057342024824594,False,0.34130431344154966,,130,0.05488835808406065,0.14701790342053475,0.727432800471223,0.8238562553377736,0.892236278939291,4,0.041166757672581364,True,0.05346910166163536,0.0018655412178112396
TEL,HGZ27.CMX level,41.6,30,2022-09-29,2026-04-27,896,0.3667839833816568,False,0.5036436786733197,,130,0.2691216705498943,0.0012408452592768489,0.03915842326515389,0.07119164170656742,0.04736667304960533,16,0.0005509289287743019,True,0.1609847466508006,0.017682655182684637
TEL,HGZ27.CMX spread,41.6,30,2022-09-29,2026-04-27,896,0.16694232722684493,False,0.34130431344154966,0.5186,130,0.9214221887565403,0.9999317839252873,0.9989490444518401,0.9999135763216891,0.9999838978278677,1,0.32529092067251975,False,-0.00014827500543373298,0.00012304463097934093
TEL,HG=F front-month (matched HGZ27.CMX window),1.0,30,2022-09-29,2026-04-27,896,0.2863488918375372,False,0.47705900898929704,,130,0.12900454365712352,0.004879841447644143,0.05417698417177085,0.05779320624317725,0.09393307202848698,16,0.0017156619341225172,True,0.17277866945544423,0.027693729711493864
TEL,HGZ27.CMX level,41.6,60,2022-09-29,2026-04-27,896,0.3667839833816568,False,0.5036436786733197,,130,0.2691216705498943,0.0012408452592768489,0.03915842326515389,0.07119164170656742,0.04736667304960533,16,0.0005509289287743019,True,0.04108833662469367,0.0010514710070618216
TEL,HGZ27.CMX spread,41.6,60,2022-09-29,2026-04-27,896,0.16694232722684493,False,0.34130431344154966,0.5186,130,0.9214221887565403,0.9999317839252873,0.9989490444518401,0.9999135763216891,0.9999838978278677,1,0.32529092067251975,False,-2.3838045121566986e-05,3.4359503425784865e-06
TEL,HG=F front-month (matched HGZ27.CMX window),1.0,60,2022-09-29,2026-04-27,896,0.2863488918375372,False,0.47705900898929704,,130,0.12900454365712352,0.004879841447644143,0.05417698417177085,0.05779320624317725,0.09393307202848698,16,0.0017156619341225172,True,0.11483745499726725,0.010836658381902509
TEL,HGZ27.CMX level,41.6,90,2022-09-29,2026-04-27,896,0.3667839833816568,False,0.5036436786733197,,130,0.2691216705498943,0.0012408452592768489,0.03915842326515389,0.07119164170656742,0.04736667304960533,16,0.0005509289287743019,True,-0.17862136502524975,0.013930563144605168
TEL,HGZ27.CMX spread,41.6,90,2022-09-29,2026-04-27,896,0.16694232722684493,False,0.34130431344154966,0.5186,130,0.9214221887565403,0.9999317839252873,0.9989490444518401,0.9999135763216891,0.9999838978278677,1,0.32529092067251975,False,-0.00038132334626493836,0.000518686471061236
TEL,HG=F front-month (matched HGZ27.CMX window),1.0,90,2022-09-29,2026-04-27,896,0.2863488918375372,False,0.47705900898929704,,130,0.12900454365712352,0.004879841447644143,0.05417698417177085,0.05779320624317725,0.09393307202848698,16,0.0017156619341225172,True,-0.028868523146594858,0.0004634629488389219
