equity,commodity_series,lag_days,beta,t_stat,p_value,n_observations
ROK,HG=F front-month,5,-0.07048720429247113,-4.547813605560685,5.52008873058505e-06,6428
ROK,HG=F front-month,20,0.0004749785651690764,0.03078010014865735,0.9754458688040941,6413
ROK,HG=F front-month,60,-0.03057900859012807,-1.9817808564137667,0.04754668153821831,6373
ROK,HG=F front-month,90,-0.003921537551933981,-0.25331472698902163,0.8000332286902636,6343
ROK,HG=F front-month,130,-0.02161221451360999,-1.3910815162879946,0.164249825650485,6303
ROK,HG=F front-month,180,0.01284465399765175,0.8272090876769906,0.4081501375481028,6253
ROK,HG=F front-month,252,0.009569184315269057,0.6015617155682669,0.5474879885384345,6181
ROK,HGN26.CMX level,5,-0.04029733345892827,-1.1411168590495764,0.2540403882246022,1249
ROK,HGN26.CMX level,20,-0.023897408647146175,-0.6704012196256875,0.5027277022583313,1234
ROK,HGN26.CMX level,60,-0.015461155542805857,-0.4202374535733835,0.6743877366842363,1194
ROK,HGN26.CMX level,90,-0.018279703226912317,-0.47712472955928137,0.6333630261742401,1164
ROK,HGN26.CMX level,130,0.08607187736061557,2.205137569371267,0.027646709743983484,1124
ROK,HGN26.CMX level,180,-0.03293178231928346,-0.8159323966200644,0.41472005971678616,1074
ROK,HGN26.CMX level,252,0.012370026231951372,0.25710897139766775,0.7971475436005341,1002
ROK,HGN26.CMX spread,5,-7.576564029787098e-05,-0.2682255865707844,0.7885700793960276,1248
ROK,HGN26.CMX spread,20,0.000402724724481139,1.4219041115568642,0.155307396065768,1233
ROK,HGN26.CMX spread,60,-0.000363220365372598,-1.2690895844119274,0.20465706637608072,1193
ROK,HGN26.CMX spread,90,0.00012793795614992554,0.44231970145606464,0.6583402612411831,1163
ROK,HGN26.CMX spread,130,0.0002564869237714972,0.8814824045560878,0.3782457310010082,1123
ROK,HGN26.CMX spread,180,-5.5883358539371844e-05,-0.1894198617521633,0.8497996495447722,1073
ROK,HGN26.CMX spread,252,0.00017047420750340998,0.5740887956537183,0.5660369463702928,1001
ROK,HGU26.CMX level,5,-0.04238159594427616,-1.1624105553077129,0.24529890110809965,1207
ROK,HGU26.CMX level,20,-0.029385317342727743,-0.7978625718246001,0.42510942609525415,1192
ROK,HGU26.CMX level,60,-0.016913071327024232,-0.4433104134738268,0.657624608355133,1152
ROK,HGU26.CMX level,90,-0.02127629999592321,-0.5384862734601727,0.5903483800602398,1122
ROK,HGU26.CMX level,130,0.08976504626426145,2.219540724000875,0.026657077017833875,1082
ROK,HGU26.CMX level,180,-0.026372498734806054,-0.6359410290481428,0.5249561335502704,1032
ROK,HGU26.CMX level,252,-0.014096663527289922,-0.29268982561731216,0.7698226280243955,960
ROK,HGU26.CMX spread,5,-4.817596669392592e-05,-0.1352350813083062,0.8924486343690046,1205
ROK,HGU26.CMX spread,20,8.752816549026802e-05,0.24473465763987765,0.806704154744603,1190
ROK,HGU26.CMX spread,60,-0.00019711856328060554,-0.5439840034170148,0.5865581098037811,1150
ROK,HGU26.CMX spread,90,-0.00010796729824936424,-0.2969214497126385,0.7665816337972238,1120
ROK,HGU26.CMX spread,130,0.00021398587292171322,0.5822815496282696,0.5604988098408692,1080
ROK,HGU26.CMX spread,180,-0.00031603987300244025,-0.8566251707195737,0.39185170700585437,1030
ROK,HGU26.CMX spread,252,0.00032759635263596864,0.9110262939870186,0.3625111689817131,958
ROK,HGZ25.CMX level,5,-0.023665422178030207,-0.6897065769414646,0.49050079099366084,1313
ROK,HGZ25.CMX level,20,-0.0484692660523805,-1.4005512918062193,0.1615876640406045,1298
ROK,HGZ25.CMX level,60,-0.024285217353625595,-0.6859820152736722,0.4928510518170116,1258
ROK,HGZ25.CMX level,90,-0.03333013363698607,-0.9378055515965978,0.34852905265312506,1228
ROK,HGZ25.CMX level,130,0.029899416930737197,0.7285818393424855,0.46640132450931393,1188
ROK,HGZ25.CMX level,180,-0.057509737698789434,-1.3486409911448434,0.17772109918458243,1138
ROK,HGZ25.CMX level,252,-0.012262125933727957,-0.26268681452159043,0.792842833668811,1066
ROK,HGZ25.CMX spread,5,0.0001724942254236486,0.7536297868923556,0.4512086540630966,1296
ROK,HGZ25.CMX spread,20,-0.00018088617189203303,-0.7908847224954879,0.4291561916237928,1296
ROK,HGZ25.CMX spread,60,-0.000313952242478923,-1.3701144288020042,0.17089623022431066,1257
ROK,HGZ25.CMX spread,90,0.00010586986706041415,0.4624142430014767,0.6438664069344662,1227
ROK,HGZ25.CMX spread,130,-8.085939195961438e-05,-0.35076616054185733,0.725826131686917,1187
ROK,HGZ25.CMX spread,180,0.00018008823809606808,0.7705540230213324,0.4411316830032117,1137
ROK,HGZ25.CMX spread,252,8.208552433119569e-06,0.0342889754536818,0.9726531533357692,1065
ROK,HGZ26.CMX level,5,-0.04085655771971007,-1.0671658099068726,0.28612270920424443,1143
ROK,HGZ26.CMX level,20,-0.02713536956096189,-0.701723947098595,0.4829963457729307,1128
ROK,HGZ26.CMX level,60,-0.0084279434470933,-0.21174530154372237,0.8323454743609826,1088
ROK,HGZ26.CMX level,90,-0.0209971636886199,-0.508064478708339,0.6115142322194027,1058
ROK,HGZ26.CMX level,130,0.08856097322870725,2.1034331088936047,0.03567330496655225,1018
ROK,HGZ26.CMX level,180,-0.029443661817000095,-0.707354327712135,0.4795169190014553,968
ROK,HGZ26.CMX level,252,-0.013730520019598739,-0.276397732615263,0.7823064825212453,896
ROK,HGZ26.CMX spread,5,-0.00023453958553749607,-0.48719859276152905,0.6262112674925853,1142
ROK,HGZ26.CMX spread,20,0.00021334253489601322,0.441092326396535,0.6592309126227943,1127
ROK,HGZ26.CMX spread,60,0.00015665158429792182,0.32198432919493725,0.74752659024152,1087
ROK,HGZ26.CMX spread,90,-0.0002806217279581019,-0.5741299937756033,0.5660022210539726,1057
ROK,HGZ26.CMX spread,130,-0.00045021221798648993,-0.9167635288921622,0.35948433564003524,1017
ROK,HGZ26.CMX spread,180,-0.0002831183492287055,-0.5946215150428503,0.5522358818969382,967
ROK,HGZ26.CMX spread,252,9.830155299434093e-05,0.20822762344687493,0.8350987221803434,895
ROK,HGZ27.CMX level,5,-0.05968964869588019,-1.4025152169073105,0.16111094612541385,890
ROK,HGZ27.CMX level,20,-0.011435216883500555,-0.26777203607816114,0.7889380481879738,875
ROK,HGZ27.CMX level,60,-0.012621288026649316,-0.2887564826291819,0.7728395769418153,835
ROK,HGZ27.CMX level,90,0.01988105365232952,0.4370820615702112,0.6621693504716264,805
ROK,HGZ27.CMX level,130,0.09347738105621109,2.022381461861304,0.04348537678500578,765
ROK,HGZ27.CMX level,180,-0.02342463164706932,-0.48954353644610943,0.6246075133499296,715
ROK,HGZ27.CMX level,252,-0.05426851099743534,-0.8669435887059486,0.38629732396474725,643
ROK,HGZ27.CMX spread,5,-0.0003384760613346277,-0.9156429895069611,0.3601030337372516,889
ROK,HGZ27.CMX spread,20,0.00012615841032998418,0.34304167844815614,0.731649786456805,874
ROK,HGZ27.CMX spread,60,-2.28428922694827e-05,-0.06256415441933189,0.9501286007963522,834
ROK,HGZ27.CMX spread,90,0.00025402162942027415,0.6923817519702035,0.4888980391788934,804
ROK,HGZ27.CMX spread,130,-8.96582710402301e-05,-0.24429104298546306,0.8070711817403604,764
ROK,HGZ27.CMX spread,180,-0.00048402790654532437,-1.3079468402447139,0.19131346147903358,714
ROK,HGZ27.CMX spread,252,0.00045894430226345507,1.2178348922065967,0.22373551710833417,642
TEL,HG=F front-month,5,-0.028265508447340906,-1.685317647024802,0.09199309851482661,4744
TEL,HG=F front-month,20,0.020432441221751696,1.2197786263487,0.22260946787164437,4744
TEL,HG=F front-month,60,-0.015084619703874471,-0.9006429231705811,0.367823941719302,4744
TEL,HG=F front-month,90,-0.012543618228150767,-0.7482492677804351,0.454346926235648,4744
TEL,HG=F front-month,130,-0.022387413828295365,-1.3396585819512647,0.1804205652519222,4744
TEL,HG=F front-month,180,0.0023645809249880907,0.1418977828960123,0.8871667735161594,4744
TEL,HG=F front-month,252,0.022005830238690488,1.2983276924311151,0.1942378927818962,4744
TEL,HGN26.CMX level,5,-0.009206175766772498,-0.2940028173916824,0.7688046780734744,1249
TEL,HGN26.CMX level,20,0.017966137175968837,0.5701330417558572,0.5686914188685768,1234
TEL,HGN26.CMX level,60,0.008274157844823762,0.25503218830158825,0.7987422324046367,1194
TEL,HGN26.CMX level,90,-0.022023952262000785,-0.6533862621046321,0.5136365551928843,1164
TEL,HGN26.CMX level,130,0.09398175420058452,2.745728635786184,0.00613415518356812,1124
TEL,HGN26.CMX level,180,-0.010944420048374549,-0.31078842666426576,0.756021886359941,1074
TEL,HGN26.CMX level,252,0.017221463292415057,0.4195968877824595,0.6748700879266865,1002
TEL,HGN26.CMX spread,5,-8.785986281715919e-05,-0.35094107280481923,0.7256918831865137,1248
TEL,HGN26.CMX spread,20,0.0002528553206511135,1.0098068657166432,0.3127862720149134,1233
TEL,HGN26.CMX spread,60,0.0004106992972341243,1.627882392667497,0.1038143122881788,1193
TEL,HGN26.CMX spread,90,0.00012666263317078787,0.4976794719608793,0.6188042246829106,1163
TEL,HGN26.CMX spread,130,-6.164859253888648e-05,-0.24123698106693564,0.8094155663995332,1123
TEL,HGN26.CMX spread,180,2.575503893683362e-05,0.1000821007458458,0.9202978760106773,1073
TEL,HGN26.CMX spread,252,6.592732349879989e-05,0.2601552471355419,0.7947976321615067,1001
TEL,HGU26.CMX level,5,-0.009783826238073981,-0.3033389536988039,0.7616839255108243,1207
TEL,HGU26.CMX level,20,0.016638654982204334,0.5126305016476511,0.6083049493584919,1192
TEL,HGU26.CMX level,60,0.004978379933777547,0.1483963886529441,0.8820559656671709,1152
TEL,HGU26.CMX level,90,-0.021822538413350467,-0.6291192239091372,0.5293992986685351,1122
TEL,HGU26.CMX level,130,0.1005923533341191,2.854334296777869,0.004395152146050715,1082
TEL,HGU26.CMX level,180,-0.0073633952897619,-0.20664041562346983,0.8363315347989183,1032
TEL,HGU26.CMX level,252,-0.010590141879605003,-0.25450768019638187,0.7991579909814428,960
TEL,HGU26.CMX spread,5,0.00044478695181283755,1.413382934074224,0.15780185424114318,1205
TEL,HGU26.CMX spread,20,-0.00014774426014794006,-0.4686287360307081,0.6394210082659786,1190
TEL,HGU26.CMX spread,60,7.587001644110524e-05,0.23802338344023324,0.8119054335353061,1150
TEL,HGU26.CMX spread,90,3.4911842096179454e-05,0.10960880009353094,0.912739301613076,1120
TEL,HGU26.CMX spread,130,0.0001392538092081991,0.4342757773931015,0.664175097266074,1080
TEL,HGU26.CMX spread,180,-0.0001359529235165754,-0.4283980644961103,0.6684510761319656,1030
TEL,HGU26.CMX spread,252,0.00012975773629501214,0.41779557987555277,0.6761904015618246,958
TEL,HGZ25.CMX level,5,-0.00661121284599533,-0.2235264779699163,0.8231606027142038,1313
TEL,HGZ25.CMX level,20,-0.003983963727734841,-0.13361242765324347,0.8937298002329895,1298
TEL,HGZ25.CMX level,60,-0.007754594207959,-0.2549172760837465,0.7988287252497077,1258
TEL,HGZ25.CMX level,90,-0.018266521532641352,-0.596609130234611,0.5508785199974342,1228
TEL,HGZ25.CMX level,130,0.05396080520172294,1.5436067973218657,0.12295038507905846,1188
TEL,HGZ25.CMX level,180,-0.012973205120869321,-0.3587847547640044,0.7198227865383124,1138
TEL,HGZ25.CMX level,252,0.014474433758494753,0.3696585136826475,0.7117105056895842,1066
TEL,HGZ25.CMX spread,5,7.835429921068591e-05,0.3994719543620495,0.689611407007716,1296
TEL,HGZ25.CMX spread,20,-0.00014688829280292928,-0.7457629710035016,0.45594605788856435,1296
TEL,HGZ25.CMX spread,60,-0.00037588693608978904,-1.9104213491220132,0.056306684615390554,1257
TEL,HGZ25.CMX spread,90,-7.547719950266273e-05,-0.3837501762373555,0.7012302122634724,1227
TEL,HGZ25.CMX spread,130,-0.0001053204873274626,-0.5359701785309845,0.5920797457596485,1187
TEL,HGZ25.CMX spread,180,-6.954607646367623e-05,-0.3510236644156863,0.7256357391463594,1137
TEL,HGZ25.CMX spread,252,6.920486778139882e-05,0.34465436405000205,0.7304224057834443,1065
TEL,HGZ26.CMX level,5,-0.004236184054629869,-0.12614538070861966,0.8996390695609102,1143
TEL,HGZ26.CMX level,20,0.01778514040817826,0.5258401624423417,0.5991028085818122,1128
TEL,HGZ26.CMX level,60,0.012080489236883691,0.3478705086904567,0.7280048476226227,1088
TEL,HGZ26.CMX level,90,-0.02964408451008263,-0.827199482217408,0.40831088447043395,1058
TEL,HGZ26.CMX level,130,0.0885502980457113,2.463992450922623,0.013904610279237528,1018
TEL,HGZ26.CMX level,180,-0.005542423832079122,-0.15366063562648363,0.8779094177420749,968
TEL,HGZ26.CMX level,252,-0.012370609912320021,-0.2855289094652761,0.7753050989041259,896
TEL,HGZ26.CMX spread,5,0.000448119650865088,1.0627644099239388,0.28811387625331597,1142
TEL,HGZ26.CMX spread,20,-2.659228070304162e-05,-0.06286147299256765,0.94988798077064,1127
TEL,HGZ26.CMX spread,60,0.0008314081630417466,1.962243221712324,0.049989463066161206,1087
TEL,HGZ26.CMX spread,90,-4.6708604278104924e-05,-0.11016192857002867,0.9123019063420432,1057
TEL,HGZ26.CMX spread,130,-0.0006275513820530264,-1.4976238461720608,0.13454191208630165,1017
TEL,HGZ26.CMX spread,180,-0.0002472954376845687,-0.5995432986684219,0.5489513818254771,967
TEL,HGZ26.CMX spread,252,4.971441370522939e-05,0.1207243946944012,0.90393649310817,895
TEL,HGZ27.CMX level,5,-0.007915470277105237,-0.21339898685814238,0.8310647539456574,890
TEL,HGZ27.CMX level,20,0.02717626820391533,0.7330579186718879,0.4637198917930119,875
TEL,HGZ27.CMX level,60,0.022682139932347092,0.6033102512351788,0.5464665465143201,835
TEL,HGZ27.CMX level,90,0.006951528355666194,0.17785391879848894,0.8588825566356373,805
TEL,HGZ27.CMX level,130,0.08645105256501466,2.16085584291376,0.031017012859768954,765
TEL,HGZ27.CMX level,180,0.03436156544006577,0.828786014803533,0.4075028552624482,715
TEL,HGZ27.CMX level,252,-0.05630951771257082,-1.0209974673014686,0.30764081651352604,643
TEL,HGZ27.CMX spread,5,-2.5092004025062327e-06,-0.007796848726117279,0.9937808309916254,889
TEL,HGZ27.CMX spread,20,1.9573829009003782e-05,0.06121170301847923,0.951204635947418,874
TEL,HGZ27.CMX spread,60,8.414430978627565e-05,0.26794543560972717,0.7888077328004245,834
TEL,HGZ27.CMX spread,90,0.00027680845199803706,0.8782539022784434,0.3800689790585702,804
TEL,HGZ27.CMX spread,130,-0.0003300047555233788,-1.0394307800864926,0.2989341324539708,764
TEL,HGZ27.CMX spread,180,-0.0003590811048171588,-1.1188741693325843,0.26357115502554906,714
TEL,HGZ27.CMX spread,252,0.00012100360616207571,0.36373742370175416,0.7161742180775508,642
